{
    "accuracy": 0.7217223650385605,
    "precision": 0.782646801051709,
    "recall": 0.5909993381866314,
    "roc_auc": 0.7180480763387873
}